Workbook
Name IQ_CQ: 5000
Name IQ_CY: 10000
Name IQ_CH: 110000
Name IQ_DAILY: 500000
Name IQ_FH: 100000
Name IQ_FQ: 500
Name IQ_FY: 1000
Name IQ_LTM: 2000
Name IQ_MONTH: 15000
Name IQ_NTM: 6000
Name IQ_WEEK: 50000
Name IQ_YTD: 3000

Sheet IDL tracking
D1: =SUBTOTAL(9,Table1[HC Requested]) -> 1 | P1: Interview Fail
A2: Job Code | B2: Project | C2: Dept. | D2: HC Requested | E2: Job title | F2: EE Level | G2: Sites | H2: Project Segment | I2: Hiring manager | J2: HRBP | K2: Recruiter | L2: MyHR request date | M2: Expected onboard date | N2: Status | O2: CV Sent | P2: Interview | Q2: Offered | R2: Offer Accepted | S2: Onboarded | T2: Offer Rejected | U2: Source | V2: Candidate Name | W2: Onboard Date | X2: Offer Date | Y2: Note
A3: J001 | B3: DSS Talent Connector | C3: AS | D3: 1 | E3: Engineer, Production | F3: Engineer | G3: MXV | H3: OSBU | I3: Nguyễn Lê Hoàng | J3: Thanh | K3: Annie | L3: 45770 | M3: =L3+60 -> 45830 | N3: =IF(S3=1,"Onboarded",IF(R3=1,"Offered",IF((M3-TODAY())<0,"Overdue","In progress"))) -> Onboarded | O3: =COUNTIF(Database!$G$2:$G$6431, 'IDL tracking'!$A3) -> 16 | P3: =COUNTIFS(Database!$G$2:$G$6431, 'IDL tracking'!$A3, Database!$M$2:$M$6431, 'IDL tracking'!P$2)+COUNTIFS(Database!$G$2:$G$6431, 'IDL tracking'!$A3, Database!$M$2:$M$6431, 'IDL tracking'!P$1) -> 5 | Q3: =COUNTIFS(Database!$G$2:$G$6431, 'IDL tracking'!$A3, Database!$M$2:$M$6431, 'IDL tracking'!Q$2) -> 0 | R3: =COUNTIFS(Database!$G$2:$G$6431, 'IDL tracking'!$A3, Database!$M$2:$M$6431, 'IDL tracking'!R$2) -> 0 | S3: =COUNTIFS(Database!$G$2:$G$6431, 'IDL tracking'!$A3, Database!$M$2:$M$6431, 'IDL tracking'!S$2) -> 1 | T3: =COUNTIFS(Database!$G$2:$G$6431, 'IDL tracking'!$A3, Database!$M$2:$M$6431, 'IDL tracking'!T$2) -> 0 | U3: {=IFERROR(INDEX(Database!$P$2:$P$6431,MATCH(1,('IDL tracking'!A3=Database!$G$2:$G$6431)*('IDL tracking'!$R$2=Database!$M$2:$M$6431),0)),"")&IFERROR(INDEX(Database!$P$2:$P$6431,MATCH(1,('IDL tracking'!A3=Database!$G$2:$G$6431)*('IDL tracking'!$S$2=Database!$M$2:$M$6431),0)),"")} -> Network | V3: {=IFERROR(INDEX(Database!$C$2:$C$6431,MATCH(1,('IDL tracking'!A3=Database!$G$2:$G$6431)*('IDL tracking'!$R$2=Database!$M$2:$M$6431),0)),"")&IFERROR(INDEX(Database!$C$2:$C$6431,MATCH(1,('IDL tracking'!A3=Database!$G$2:$G$6431)*('IDL tracking'!$S$2=Database!$M$2:$M$6431),0)),"")} -> Lê Văn D | W3: {=IFERROR(INDEX(Database!$N$2:$N$6431,MATCH(1,('IDL tracking'!A3=Database!$G$2:$G$6431)*('IDL tracking'!$R$2=Database!$M$2:$M$6431),0)),0)+IFERROR(INDEX(Database!$N$2:$N$6431,MATCH(1,('IDL tracking'!A3=Database!$G$2:$G$6431)*('IDL tracking'!$S$2=Database!$M$2:$M$6431),0)),0)} -> 45915 | X3: {=IFERROR(INDEX(Database!$O$2:$O$6431,MATCH(1,('IDL tracking'!A3=Database!$G$2:$G$6431)*('IDL tracking'!$R$2=Database!$M$2:$M$6431),0)),0)+IFERROR(INDEX(Database!$O$2:$O$6431,MATCH(1,('IDL tracking'!A3=Database!$G$2:$G$6431)*('IDL tracking'!$S$2=Database!$M$2:$M$6431),0)),0)} -> 45891

Sheet Database
A1: Input date (dd/mm/yyyy) | B1: Department | C1: Name | D1: Email | E1: Phone number | F1: Recruiter | G1: Job code | H1: Job title | I1: EE Level | J1: Project | K1: Hiring manager | L1: DL/IDL | M1: Status | N1: Onboarding Date (DD/MM/YYYY) | O1: Offer Sent date (DD/MM/YYYY) | P1: Source | Q1: Mã nhân viên | R1: Người giới thiệu | S1: Bộ phận | T1: Note | U1: Current salary (Gross M VND) | V1: Expected salary (Gross M VND) | W1: Candidate result feedback date | X1: Headhunt Agency | Y1: Targeted company | Z1: Targeted company name
A2: 45769 | B2: =IF($G2<>0,VLOOKUP(G2,'IDL tracking'!$A$3:$C$1544,3,0),"") -> AS | C2: Nguyễn Văn A | D2: n Văn A@gmail.com | E2: 0903442885 | F2: =IF(G2<>0,VLOOKUP(G2,'IDL tracking'!$A$3:$K$1544,11,0),"") -> Annie | G2: J001 | H2: =IF($G2<>0,VLOOKUP(G2,'IDL tracking'!$A$3:$E$1544,5,0),"") -> Engineer, Production | I2: =IF($G2<>0,VLOOKUP(G2,'IDL tracking'!$A$3:$F$1544,6,0),"") -> Engineer | J2: =IF($G2<>0,VLOOKUP(G2,'IDL tracking'!$A$3:$B$1544,2,0),"") -> DSS Talent Connector | K2: =IF(G2<>0,VLOOKUP(G2,'IDL tracking'!$A$3:$I$1544,9,0),"") -> Nguyễn Lê Hoàng | L2: =IF($G2<>0,VLOOKUP(G2,'IDL tracking'!$A$3:$G$1544,7,0),"") -> MXV | M2: CV Fail | P2: Vietnamworks Job Post | W2: 45776 | Y2: No
A3: 45783 | B3: AS | C3: Nguyễn Văn B | D3: n Văn B@gmail.com | E3: 0903442886 | F3: =IF(G3<>0,VLOOKUP(G3,'IDL tracking'!$A$3:$K$1544,11,0),"") -> Annie | G3: J001 | H3: =IF($G3<>0,VLOOKUP(G3,'IDL tracking'!$A$3:$E$1544,5,0),"") -> Engineer, Production | I3: =IF($G3<>0,VLOOKUP(G3,'IDL tracking'!$A$3:$F$1544,6,0),"") -> Engineer | J3: =IF($G3<>0,VLOOKUP(G3,'IDL tracking'!$A$3:$B$1544,2,0),"") -> DSS Talent Connector | K3: =IF(G3<>0,VLOOKUP(G3,'IDL tracking'!$A$3:$I$1544,9,0),"") -> Nguyễn Lê Hoàng | L3: =IF($G3<>0,VLOOKUP(G3,'IDL tracking'!$A$3:$G$1544,7,0),"") -> MXV | M3: Hold | P3: Facebook | W3: 45790 | Y3: No
A4: 45790 | B4: AS | C4: Nguyễn Văn C | D4: n Văn C@gmail.com | E4: 0903442887 | F4: =IF(G4<>0,VLOOKUP(G4,'IDL tracking'!$A$3:$K$1544,11,0),"") -> Annie | G4: J001 | H4: =IF($G4<>0,VLOOKUP(G4,'IDL tracking'!$A$3:$E$1544,5,0),"") -> Engineer, Production | I4: =IF($G4<>0,VLOOKUP(G4,'IDL tracking'!$A$3:$F$1544,6,0),"") -> Engineer | J4: =IF($G4<>0,VLOOKUP(G4,'IDL tracking'!$A$3:$B$1544,2,0),"") -> DSS Talent Connector | K4: =IF(G4<>0,VLOOKUP(G4,'IDL tracking'!$A$3:$I$1544,9,0),"") -> Nguyễn Lê Hoàng | L4: =IF($G4<>0,VLOOKUP(G4,'IDL tracking'!$A$3:$G$1544,7,0),"") -> MXV | M4: Hold | P4: Vietnamworks Job Post | W4: 45797 | Y4: Yes | Z4: LG Innotek
A5: 45790 | B5: AS | C5: Nguyễn Văn D | D5: n Văn D@gmail.com | E5: 0903442888 | F5: =IF(G5<>0,VLOOKUP(G5,'IDL tracking'!$A$3:$K$1544,11,0),"") -> Annie | G5: J001 | H5: =IF($G5<>0,VLOOKUP(G5,'IDL tracking'!$A$3:$E$1544,5,0),"") -> Engineer, Production | I5: =IF($G5<>0,VLOOKUP(G5,'IDL tracking'!$A$3:$F$1544,6,0),"") -> Engineer | J5: =IF($G5<>0,VLOOKUP(G5,'IDL tracking'!$A$3:$B$1544,2,0),"") -> DSS Talent Connector | K5: =IF(G5<>0,VLOOKUP(G5,'IDL tracking'!$A$3:$I$1544,9,0),"") -> Nguyễn Lê Hoàng | L5: =IF($G5<>0,VLOOKUP(G5,'IDL tracking'!$A$3:$G$1544,7,0),"") -> MXV | M5: Interview Fail | P5: Facebook | W5: 45797 | Y5: No
A6: 45868 | B6: AS | C6: Nguyễn Văn E | D6: n Văn E@gmail.com | E6: 0903442889 | F6: =IF(G6<>0,VLOOKUP(G6,'IDL tracking'!$A$3:$K$1544,11,0),"") -> Annie | G6: J001 | H6: =IF($G6<>0,VLOOKUP(G6,'IDL tracking'!$A$3:$E$1544,5,0),"") -> Engineer, Production | I6: =IF($G6<>0,VLOOKUP(G6,'IDL tracking'!$A$3:$F$1544,6,0),"") -> Engineer | J6: =IF($G6<>0,VLOOKUP(G6,'IDL tracking'!$A$3:$B$1544,2,0),"") -> DSS Talent Connector | K6: =IF(G6<>0,VLOOKUP(G6,'IDL tracking'!$A$3:$I$1544,9,0),"") -> Nguyễn Lê Hoàng | L6: =IF($G6<>0,VLOOKUP(G6,'IDL tracking'!$A$3:$G$1544,7,0),"") -> MXV | M6: Hold | P6: Vietnamworks Search | W6: 45875 | Y6: No
A7: 45868 | B7: AS | C7: Hoàng Thị A | D7: g Thị A@gmail.com | E7: 0903442890 | F7: =IF(G7<>0,VLOOKUP(G7,'IDL tracking'!$A$3:$K$1544,11,0),"") -> Annie | G7: J001 | H7: =IF($G7<>0,VLOOKUP(G7,'IDL tracking'!$A$3:$E$1544,5,0),"") -> Engineer, Production | I7: =IF($G7<>0,VLOOKUP(G7,'IDL tracking'!$A$3:$F$1544,6,0),"") -> Engineer | J7: =IF($G7<>0,VLOOKUP(G7,'IDL tracking'!$A$3:$B$1544,2,0),"") -> DSS Talent Connector | K7: =IF(G7<>0,VLOOKUP(G7,'IDL tracking'!$A$3:$I$1544,9,0),"") -> Nguyễn Lê Hoàng | L7: =IF($G7<>0,VLOOKUP(G7,'IDL tracking'!$A$3:$G$1544,7,0),"") -> MXV | M7: Interview Fail | P7: Internal referral | Q7: V6222 | R7: Nguyễn Thị Thương Thảo | S7: HR | W7: 45875 | Y7: No
A8: 45868 | B8: AS | C8: Hoàng Thị B | D8: g Thị B@gmail.com | E8: 0903442891 | F8: =IF(G8<>0,VLOOKUP(G8,'IDL tracking'!$A$3:$K$1544,11,0),"") -> Annie | G8: J001 | H8: =IF($G8<>0,VLOOKUP(G8,'IDL tracking'!$A$3:$E$1544,5,0),"") -> Engineer, Production | I8: =IF($G8<>0,VLOOKUP(G8,'IDL tracking'!$A$3:$F$1544,6,0),"") -> Engineer | J8: =IF($G8<>0,VLOOKUP(G8,'IDL tracking'!$A$3:$B$1544,2,0),"") -> DSS Talent Connector | K8: =IF(G8<>0,VLOOKUP(G8,'IDL tracking'!$A$3:$I$1544,9,0),"") -> Nguyễn Lê Hoàng | L8: =IF($G8<>0,VLOOKUP(G8,'IDL tracking'!$A$3:$G$1544,7,0),"") -> MXV | M8: Interview Fail | P8: TopCV Search | W8: 45875 | Y8: No
A9: 45869 | B9: AS | C9: Hoàng Thị C | D9: g Thị C@gmail.com | E9: 0903442892 | F9: =IF(G9<>0,VLOOKUP(G9,'IDL tracking'!$A$3:$K$1544,11,0),"") -> Annie | G9: J001 | H9: =IF($G9<>0,VLOOKUP(G9,'IDL tracking'!$A$3:$E$1544,5,0),"") -> Engineer, Production | I9: =IF($G9<>0,VLOOKUP(G9,'IDL tracking'!$A$3:$F$1544,6,0),"") -> Engineer | J9: =IF($G9<>0,VLOOKUP(G9,'IDL tracking'!$A$3:$B$1544,2,0),"") -> DSS Talent Connector | K9: =IF(G9<>0,VLOOKUP(G9,'IDL tracking'!$A$3:$I$1544,9,0),"") -> Nguyễn Lê Hoàng | L9: =IF($G9<>0,VLOOKUP(G9,'IDL tracking'!$A$3:$G$1544,7,0),"") -> MXV | M9: CV Sent | P9: TopCV Search | W9: 45876 | Y9: No
A10: 45870 | B10: AS | C10: Hoàng Thị D | D10: g Thị D@gmail.com | E10: 0903442893 | F10: =IF(G10<>0,VLOOKUP(G10,'IDL tracking'!$A$3:$K$1544,11,0),"") -> Annie | G10: J001 | H10: =IF($G10<>0,VLOOKUP(G10,'IDL tracking'!$A$3:$E$1544,5,0),"") -> Engineer, Production | I10: =IF($G10<>0,VLOOKUP(G10,'IDL tracking'!$A$3:$F$1544,6,0),"") -> Engineer | J10: =IF($G10<>0,VLOOKUP(G10,'IDL tracking'!$A$3:$B$1544,2,0),"") -> DSS Talent Connector | K10: =IF(G10<>0,VLOOKUP(G10,'IDL tracking'!$A$3:$I$1544,9,0),"") -> Nguyễn Lê Hoàng | L10: =IF($G10<>0,VLOOKUP(G10,'IDL tracking'!$A$3:$G$1544,7,0),"") -> MXV | M10: Interview | P10: TopCV Job Post | W10: 45877 | Y10: No
A11: 45870 | B11: AS | C11: Hoàng Thị E | D11: g Thị E@gmail.com | E11: 0903442894 | F11: =IF(G11<>0,VLOOKUP(G11,'IDL tracking'!$A$3:$K$1544,11,0),"") -> Annie | G11: J001 | H11: =IF($G11<>0,VLOOKUP(G11,'IDL tracking'!$A$3:$E$1544,5,0),"") -> Engineer, Production | I11: =IF($G11<>0,VLOOKUP(G11,'IDL tracking'!$A$3:$F$1544,6,0),"") -> Engineer | J11: =IF($G11<>0,VLOOKUP(G11,'IDL tracking'!$A$3:$B$1544,2,0),"") -> DSS Talent Connector | K11: =IF(G11<>0,VLOOKUP(G11,'IDL tracking'!$A$3:$I$1544,9,0),"") -> Nguyễn Lê Hoàng | L11: =IF($G11<>0,VLOOKUP(G11,'IDL tracking'!$A$3:$G$1544,7,0),"") -> MXV | M11: Hold | P11: Vietnamworks Search | W11: 45877 | Y11: No
A12: 45873 | B12: AS | C12: Hoàng Thị F | D12: g Thị F@gmail.com | E12: 0903442895 | F12: =IF(G12<>0,VLOOKUP(G12,'IDL tracking'!$A$3:$K$1544,11,0),"") -> Annie | G12: J001 | H12: =IF($G12<>0,VLOOKUP(G12,'IDL tracking'!$A$3:$E$1544,5,0),"") -> Engineer, Production | I12: =IF($G12<>0,VLOOKUP(G12,'IDL tracking'!$A$3:$F$1544,6,0),"") -> Engineer | J12: =IF($G12<>0,VLOOKUP(G12,'IDL tracking'!$A$3:$B$1544,2,0),"") -> DSS Talent Connector | K12: =IF(G12<>0,VLOOKUP(G12,'IDL tracking'!$A$3:$I$1544,9,0),"") -> Nguyễn Lê Hoàng | L12: =IF($G12<>0,VLOOKUP(G12,'IDL tracking'!$A$3:$G$1544,7,0),"") -> MXV | M12: Interview Fail | P12: TopCV Job Post | W12: 45880 | Y12: No
A13: 45874 | B13: AS | C13: Lê Văn A | D13: ê Văn A@gmail.com | E13: 0903442896 | F13: =IF(G13<>0,VLOOKUP(G13,'IDL tracking'!$A$3:$K$1544,11,0),"") -> Annie | G13: J001 | H13: =IF($G13<>0,VLOOKUP(G13,'IDL tracking'!$A$3:$E$1544,5,0),"") -> Engineer, Production | I13: =IF($G13<>0,VLOOKUP(G13,'IDL tracking'!$A$3:$F$1544,6,0),"") -> Engineer | J13: =IF($G13<>0,VLOOKUP(G13,'IDL tracking'!$A$3:$B$1544,2,0),"") -> DSS Talent Connector | K13: =IF(G13<>0,VLOOKUP(G13,'IDL tracking'!$A$3:$I$1544,9,0),"") -> Nguyễn Lê Hoàng | L13: =IF($G13<>0,VLOOKUP(G13,'IDL tracking'!$A$3:$G$1544,7,0),"") -> MXV | M13: Withdraw | P13: Headhunt | W13: 45881 | X13: AsiaHr | Y13: Yes | Z13: Foxconn
A14: 45874 | B14: AS | C14: Lê Văn B | D14: ê Văn B@gmail.com | E14: 0903442897 | F14: =IF(G14<>0,VLOOKUP(G14,'IDL tracking'!$A$3:$K$1544,11,0),"") -> Annie | G14: J001 | H14: =IF($G14<>0,VLOOKUP(G14,'IDL tracking'!$A$3:$E$1544,5,0),"") -> Engineer, Production | I14: =IF($G14<>0,VLOOKUP(G14,'IDL tracking'!$A$3:$F$1544,6,0),"") -> Engineer | J14: =IF($G14<>0,VLOOKUP(G14,'IDL tracking'!$A$3:$B$1544,2,0),"") -> DSS Talent Connector | K14: =IF(G14<>0,VLOOKUP(G14,'IDL tracking'!$A$3:$I$1544,9,0),"") -> Nguyễn Lê Hoàng | L14: =IF($G14<>0,VLOOKUP(G14,'IDL tracking'!$A$3:$G$1544,7,0),"") -> MXV | M14: Hold | P14: TopCV Search | W14: 45881 | Y14: No
A15: 45880 | B15: AS | C15: Lê Văn C | D15: ê Văn C@gmail.com | E15: 0903442898 | F15: =IF(G15<>0,VLOOKUP(G15,'IDL tracking'!$A$3:$K$1544,11,0),"") -> Annie | G15: J001 | H15: =IF($G15<>0,VLOOKUP(G15,'IDL tracking'!$A$3:$E$1544,5,0),"") -> Engineer, Production | I15: =IF($G15<>0,VLOOKUP(G15,'IDL tracking'!$A$3:$F$1544,6,0),"") -> Engineer | J15: =IF($G15<>0,VLOOKUP(G15,'IDL tracking'!$A$3:$B$1544,2,0),"") -> DSS Talent Connector | K15: =IF(G15<>0,VLOOKUP(G15,'IDL tracking'!$A$3:$I$1544,9,0),"") -> Nguyễn Lê Hoàng | L15: =IF($G15<>0,VLOOKUP(G15,'IDL tracking'!$A$3:$G$1544,7,0),"") -> MXV | M15: No-show | P15: TopCV Job Post | W15: 45887 | Y15: No
A16: 45883 | B16: AS | C16: Lê Văn D | D16: ê Văn D@gmail.com | E16: 0903442899 | F16: =IF(G16<>0,VLOOKUP(G16,'IDL tracking'!$A$3:$K$1544,11,0),"") -> Annie | G16: J001 | H16: =IF($G16<>0,VLOOKUP(G16,'IDL tracking'!$A$3:$E$1544,5,0),"") -> Engineer, Production | I16: =IF($G16<>0,VLOOKUP(G16,'IDL tracking'!$A$3:$F$1544,6,0),"") -> Engineer | J16: =IF($G16<>0,VLOOKUP(G16,'IDL tracking'!$A$3:$B$1544,2,0),"") -> DSS Talent Connector | K16: =IF(G16<>0,VLOOKUP(G16,'IDL tracking'!$A$3:$I$1544,9,0),"") -> Nguyễn Lê Hoàng | L16: =IF($G16<>0,VLOOKUP(G16,'IDL tracking'!$A$3:$G$1544,7,0),"") -> MXV | M16: Onboarded | N16: 45915 | O16: 45891 | P16: Network | W16: 45890 | Y16: No
A17: 45885 | B17: AS | C17: Lê Văn E | D17: ê Văn E@gmail.com | E17: 0903442900 | F17: =IF(G17<>0,VLOOKUP(G17,'IDL tracking'!$A$3:$K$1544,11,0),"") -> Annie | G17: J001 | H17: =IF($G17<>0,VLOOKUP(G17,'IDL tracking'!$A$3:$E$1544,5,0),"") -> Engineer, Production | I17: =IF($G17<>0,VLOOKUP(G17,'IDL tracking'!$A$3:$F$1544,6,0),"") -> Engineer | J17: =IF($G17<>0,VLOOKUP(G17,'IDL tracking'!$A$3:$B$1544,2,0),"") -> DSS Talent Connector | K17: =IF(G17<>0,VLOOKUP(G17,'IDL tracking'!$A$3:$I$1544,9,0),"") -> Nguyễn Lê Hoàng | L17: =IF($G17<>0,VLOOKUP(G17,'IDL tracking'!$A$3:$G$1544,7,0),"") -> MXV | M17: Searching | P17: Vietnamworks Search | W17: 45892 | Y17: No

Sheet Data Validation
A1: Dept | B1: PIC | C1: Final Status | D1: Function | E1: Source | F1: EE Level | G1: Recruitment costs categories | H1: Recruitment Status | I1: Data source | J1: Headhunt Agency
A2: CA | B2: Tracy | C2: CV Sent | D2: Operation | E2: Linkedin Job Post | F2: Manager | G2: Job Posting | H2: Onboarded | I2: D | J2: AsiaHr
A3: OTC | B3: Annie | C3: Interview | D3: Supporting | E3: Linkedin Search | F3: Supervisor | G3: FB Advertising | H3: Offered | I3: S | J3: Navigos
A4: BOD | B4: Hein | C4: Hold | D4: Engineering | E4: Vietnamworks Job Post | F4: Engineer | G4: Internal Referral | H4: In progress | I4: SK | J4: Adecco
A5: FM/EHS | B5: Kim | C5: Offer Accepted | D5: Quality | E5: Vietnamworks Search | F5: Professional | G5: Job Fair | H5: Overdue | I5: MXV | J5: Manpower
A6: GA | B6: Jun | C6: Onboarded | E6: TopCV Job Post | F6: Technician | G6: Branding Activities | J6: Talentrader
A7: HR | C7: Interview Fail | E7: TopCV Search | F7: Technical Operator | G7: Agency Fees | J7: Prosworks
A8: LOG | C8: Offer Rejected | E8: Headhunt | F8: Operator | J8: 40Hrs
A9: ME | C9: CV Fail | E9: Internal referral | F9: Leader | J9: Persol
A10: PC | C10: Searching | E10: Internal transfer | F10: Intern | J10: Career Viet
A11: PUR | C11: Withdraw | E11: Facebook | J11: Job C
A12: QC | C12: Offer | E12: Network | J12: EV search
A13: SC | C13: No-show | E13: Others
A14: AS
A15: MD
A16: PLT
A17: STP
A19: Expected onboard date:
A20: Tuyển mới | B20: <=15 | C20: 1 tuần
B21: 16<x<=30 | C21: 2 tuần
B22: 31<x<=45 | C22: 3 tuần
B23: >45 | C23: 4 tuần
A24: Tuyển bù | B24: Đơn đủ | C24: 2 tuần
B25: Đơn thiếu | C25: 1 tuần
A28: Vendor | B28: Email | D28: PW
A29: VNW | B29: Hoang.Huong0@molex.com | D29: Molex@123
A30: Top CV | B30: ngocanh.hoang@kochcc.com | D30: Molex12345$
